"Longitude","Latitude","V19970829_8","V19970906_8","V19970914_8","V19970922_8","V19970930_8","V19971008_8","V19971016_8","V19971024_8","V19971101_8","V19971109_8","V19971117_8","V19971125_8","V19971203_8","V19971211_8","V19971219_8","V19971227_5","V19980101_8","V19980109_8","V19980117_8","V19980125_8","V19980202_8","V19980210_8","V19980218_8","V19980226_8","V19980306_8","V19980314_8","V19980322_8","V19980330_8","V19980407_8","V19980415_8","V19980423_8","V19980501_8","V19980509_8","V19980517_8","V19980525_8","V19980602_8","V19980610_8","V19980618_8","V19980626_8","V19980704_8","V19980712_8","V19980720_8","V19980728_8","V19980805_8","V19980813_8","V19980821_8","V19980829_8","V19980906_8","V19980914_8","V19980922_8","V19980930_8","V19981008_8","V19981016_8","V19981024_8","V19981101_8","V19981109_8","V19981117_8","V19981125_8","V19981203_8","V19981211_8","V19981219_8","V19981227_5","V19990101_8","V19990109_8","V19990117_8","V19990125_8","V19990202_8","V19990210_8","V19990218_8","V19990226_8","V19990306_8","V19990314_8","V19990322_8","V19990330_8","V19990407_8","V19990415_8","V19990423_8","V19990501_8","V19990509_8","V19990517_8","V19990525_8","V19990602_8","V19990610_8","V19990618_8","V19990626_8","V19990704_8","V19990712_8","V19990720_8","V19990728_8","V19990805_8","V19990813_8","V19990821_8","V19990829_8","V19990906_8","V19990914_8","V19990922_8","V19990930_8","V19991008_8","V19991016_8","V19991024_8","V19991101_8","V19991109_8","V19991117_8","V19991125_8","V19991203_8","V19991211_8","V19991219_8","V19991227_5","V20000101_8","V20000109_8","V20000117_8","V20000125_8","V20000202_8","V20000210_8","V20000218_8","V20000226_8","V20000305_8","V20000313_8","V20000321_8","V20000329_8","V20000406_8","V20000414_8","V20000422_8","V20000430_8","V20000508_8","V20000516_8","V20000524_8","V20000601_8","V20000609_8","V20000617_8","V20000625_8","V20000703_8","V20000711_8","V20000719_8","V20000727_8","V20000804_8","V20000812_8","V20000820_8","V20000828_8","V20000905_8","V20000913_8","V20000921_8","V20000929_8","V20001007_8","V20001015_8","V20001023_8","V20001031_8","V20001108_8","V20001116_8","V20001124_8","V20001202_8","V20001210_8","V20001218_8","V20001226_6","V20010101_8","V20010109_8","V20010117_8","V20010125_8","V20010202_8","V20010210_8","V20010218_8","V20010226_8","V20010306_8","V20010314_8","V20010322_8","V20010330_8","V20010407_8","V20010415_8","V20010423_8","V20010501_8","V20010509_8","V20010517_8","V20010525_8","V20010602_8","V20010610_8","V20010618_8","V20010626_8","V20010704_8","V20010712_8","V20010720_8","V20010728_8","V20010805_8","V20010813_8","V20010821_8","V20010829_8","V20010906_8","V20010914_8","V20010922_8","V20010930_8","V20011008_8","V20011016_8","V20011024_8","V20011101_8","V20011109_8","V20011117_8","V20011125_8","V20011203_8","V20011211_8","V20011219_8","V20011227_5","V20020101_8","V20020109_8","V20020117_8","V20020125_8","V20020202_8","V20020210_8","V20020218_8","V20020226_8","V20020306_8","V20020314_8","V20020322_8","V20020330_8","V20020407_8","V20020415_8","V20020423_8","V20020501_8","V20020509_8","V20020517_8","V20020525_8","V20020602_8","V20020610_8","V20020618_8","V20020626_8","V20020704_8","V20020712_8","V20020720_8","V20020728_8","V20020805_8","V20020813_8","V20020821_8","V20020829_8","V20020906_8","V20020914_8","V20020922_8","V20020930_8","V20021008_8","V20021016_8","V20021024_8","V20021101_8","V20021109_8","V20021117_8","V20021125_8","V20021203_8","V20021211_8","V20021219_8","V20021227_5","V20030101_8","V20030109_8","V20030117_8","V20030125_8","V20030202_8","V20030210_8","V20030218_8","V20030226_8","V20030306_8","V20030314_8","V20030322_8","V20030330_8","V20030407_8","V20030415_8","V20030423_8","V20030501_8","V20030509_8","V20030517_8","V20030525_8","V20030602_8","V20030610_8","V20030618_8","V20030626_8","V20030704_8","V20030712_8","V20030720_8","V20030728_8","V20030805_8","V20030813_8","V20030821_8","V20030829_8","V20030906_8","V20030914_8","V20030922_8","V20030930_8","V20031008_8","V20031016_8","V20031024_8","V20031101_8","V20031109_8","V20031117_8","V20031125_8","V20031203_8","V20031211_8","V20031219_8","V20031227_5","V20040101_8","V20040109_8","V20040117_8","V20040125_8","V20040202_8","V20040210_8","V20040218_8","V20040226_8","V20040305_8","V20040313_8","V20040321_8","V20040329_8","V20040406_8","V20040414_8","V20040422_8","V20040430_8","V20040508_8","V20040516_8","V20040524_8","V20040601_8","V20040609_8","V20040617_8","V20040625_8","V20040703_8","V20040711_8","V20040719_8","V20040727_8","V20040804_8","V20040812_8","V20040820_8","V20040828_8","V20040905_8","V20040913_8","V20040921_8","V20040929_8","V20041007_8","V20041015_8","V20041023_8","V20041031_8","V20041108_8","V20041116_8","V20041124_8","V20041202_8","V20041210_8","V20041218_8","V20041226_6","V20050101_8","V20050109_8","V20050117_8","V20050125_8","V20050202_8","V20050210_8","V20050218_8","V20050226_8","V20050306_8","V20050314_8","V20050322_8","V20050330_8","V20050407_8","V20050415_8","V20050423_8","V20050501_8","V20050509_8","V20050517_8","V20050525_8","V20050602_8","V20050610_8","V20050618_8","V20050626_8","V20050704_8","V20050712_8","V20050720_8","V20050728_8","V20050805_8","V20050813_8","V20050821_8","V20050829_8","V20050906_8","V20050914_8","V20050922_8","V20050930_8","V20051008_8","V20051016_8","V20051024_8","V20051101_8","V20051109_8","V20051117_8","V20051125_8","V20051203_8","V20051211_8","V20051219_8","V20051227_5","V20060101_8","V20060109_8","V20060117_8","V20060125_8","V20060202_8","V20060210_8","V20060218_8","V20060226_8","V20060306_8","V20060314_8","V20060322_8","V20060330_8","V20060407_8","V20060415_8","V20060423_8","V20060501_8","V20060509_8","V20060517_8","V20060525_8","V20060602_8","V20060610_8","V20060618_8","V20060626_8","V20060704_8","V20060712_8","V20060720_8","V20060728_8","V20060805_8","V20060813_8","V20060821_8","V20060829_8","V20060906_8","V20060914_8","V20060922_8","V20060930_8","V20061008_8","V20061016_8","V20061024_8","V20061101_8","V20061109_8","V20061117_8","V20061125_8","V20061203_8","V20061211_8","V20061219_8","V20061227_5","V20070101_8","V20070109_8","V20070117_8","V20070125_8","V20070202_8","V20070210_8","V20070218_8","V20070226_8","V20070306_8","V20070314_8","V20070322_8","V20070330_8","V20070407_8","V20070415_8","V20070423_8","V20070501_8","V20070509_8","V20070517_8","V20070525_8","V20070602_8","V20070610_8","V20070618_8","V20070626_8","V20070704_8","V20070712_8","V20070720_8","V20070728_8","V20070805_8","V20070813_8","V20070821_8","V20070829_8","V20070906_8","V20070914_8","V20070922_8","V20070930_8","V20071008_8","V20071016_8","V20071024_8","V20071101_8","V20071109_8","V20071117_8","V20071125_8","V20071203_8","V20071211_8","V20071219_8","V20071227_5","V20080101_8","V20080329_8","V20080406_8","V20080414_8","V20080422_8","V20080430_8","V20080508_8","V20080516_8","V20080524_8","V20080601_8","V20080609_8","V20080617_8","V20080625_8","V20080812_8","V20080820_8","V20080828_8","V20080905_8","V20080913_8","V20080921_8","V20080929_8","V20081007_8","V20081015_8","V20081023_8","V20081031_8","V20081108_8","V20081116_8","V20081124_8","V20081202_8","V20081210_8","V20081218_8","V20081226_6","V20090101_8","V20090109_8","V20090117_8","V20090125_8","V20090202_8","V20090210_8","V20090218_8","V20090226_8","V20090306_8","V20090314_8","V20090322_8","V20090330_8","V20090407_8","V20090415_8","V20090423_8","V20090610_8","V20090618_8","V20090626_8","V20090712_8","V20090720_8","V20090728_8","V20090805_8","V20090813_8","V20090821_8","V20090829_8","V20091008_8","V20091101_8","V20091109_8","V20091117_8","V20091125_8","V20091203_8","V20091211_8","V20091219_8","V20091227_5","V20100101_8","V20100109_8","V20100117_8","V20100125_8","V20100202_8","V20100210_8","V20100218_8","V20100226_8","V20100306_8","V20100314_8","V20100322_8","V20100330_8","V20100407_8","V20100415_8","V20100423_8","V20100501_8","V20100509_8","V20100517_8","V20100525_8","V20100602_8","V20100610_8","V20100618_8","V20100626_8","V20100712_8","V20100720_8","V20100728_8","V20100805_8","V20100813_8","V20100821_8","V20100829_8","V20100906_8","V20100922_8","V20100930_8","V20101008_8","V20101016_8","V20101024_8","V20101101_8","V20101109_8","V20101117_8","V20101125_8","V20101211_8","long","lat"
230.84,51.542,-99,-99,2.9227,2.0844,0.8703,-99,-99,-99,2.6477,0.60526,-99,-99,-99,-99,-99,-99,-99,-99,-99,-99,-99,1.0624,-99,0.83616,1.0566,-99,-99,8.2546,3.5933,-99,-99,1.4868,2.4154,1.962,1.9229,1.5891,1.2999,-99,-99,1.1143,2.0554,2.4509,1.6379,1.2271,1.6927,1.7643,-99,1.7994,2.3571,3.5183,-99,-99,1.1184,-99,-99,0.59404,-99,-99,-99,-99,-99,-99,-99,-99,-99,-99,-99,-99,-99,-99,0.44439,-99,-99,1.7004,0.76795,1.1624,10.197,-99,3.2374,1.9063,3.7117,-99,0.71184,-99,0.42824,-99,1.9264,0.79844,0.96673,-99,-99,-99,2.2127,2.3268,2.9458,1.7404,2.4055,-99,-99,0.9452,-99,-99,-99,-99,-99,-99,-99,-99,-99,-99,-99,-99,-99,0.71283,-99,0.98985,-99,0.80778,-99,-99,1.5386,1.1311,-99,0.95419,2.4017,3.0697,2.7717,1.2693,1.5672,1.1511,1.0664,-99,0.78697,-99,1.0696,1.5355,-99,1.2927,1.6234,-99,1.5736,1.9662,2.4774,2.5277,0.87322,-99,-99,0.81462,-99,-99,-99,-99,-99,-99,-99,-99,-99,-99,1.0049,0.7904,1.2854,1.1045,1.5468,-99,-99,1.3334,1.5751,9.4891,-99,2.8442,1.1459,2.7189,-99,1.1777,2.7838,-99,2.1532,3.3119,2.0992,1.5318,1.4482,2.4232,-99,-99,2.1568,2.7546,-99,-99,3.4861,1.0006,-99,-99,-99,-99,-99,-99,-99,-99,-99,-99,-99,-99,-99,-99,-99,1.2401,0.95187,0.88398,1.3177,1.1576,-99,-99,-99,5.0174,9.1297,8.4054,2.6569,4.1648,1.0207,2.9181,1.4703,3.3561,-99,1.5624,1.6522,1.1664,0.77609,0.98657,1.0472,-99,1.9333,-99,1.5387,4.5784,1.9483,2.767,-99,1.0623,1.2875,-99,-99,-99,-99,-99,-99,-99,-99,-99,-99,-99,0.62814,-99,0.87019,0.75455,0.60816,-99,-99,0.51078,0.8698,2.4278,2.3665,3.0362,5.876,1.6312,-99,4.8066,-99,-99,1.0632,-99,0.83059,1.0264,1.1195,0.74602,2.0963,1.5955,-99,2.1771,3.1346,5.9932,-99,1.1208,-99,0.91714,1.6031,-99,-99,-99,-99,-99,-99,-99,-99,-99,-99,-99,-99,-99,-99,0.72085,1.5442,2.3117,-99,-99,33.545,10.931,1.6219,1.7961,3.6911,2.8424,1.0252,1.8841,2.9134,1.5985,0.69554,2.2393,-99,0.90662,2.0863,0.92158,0.61267,-99,1.2741,1.56,2.9258,1.6627,1.916,-99,1.6692,1.224,-99,-99,-99,-99,-99,-99,-99,-99,-99,-99,-99,-99,0.62687,0.93747,1.5603,1.5655,1.098,1.0442,2.5751,-99,-99,1.0836,1.3043,2.4304,1.3302,-99,4.2306,-99,1.0056,-99,-99,1.8,1.8483,1.4055,1.5626,1.1123,-99,1.486,1.3389,8.0679,3.1381,2.5792,1.1528,-99,1.095,-99,-99,-99,-99,-99,-99,-99,-99,-99,-99,-99,-99,-99,-99,1.2721,-99,-99,0.82716,-99,0.70536,-99,1.9435,0.6168,-99,2.4578,3.3648,-99,8.4652,1.9945,-99,1.2927,1.7221,-99,1.1524,1.196,-99,1.1766,1.5275,1.2734,3.1631,1.6923,2.0017,-99,1.5436,-99,3.3962,0.94827,-99,-99,-99,-99,-99,-99,-99,-99,-99,-99,-99,-99,-99,-99,-99,-99,-99,-99,-99,0.58992,-99,1.3279,-99,1.563,9.458,6.0572,3.2829,-99,-99,2.541,-99,1.6341,-99,1.783,1.1707,1.4384,1.4195,1.9643,6.3836,3.4054,1.8183,-99,-99,1.3961,-99,-99,-99,-99,-99,-99,-99,-99,-99,-99,-99,-99,1.0252,0.87154,1.3197,2.7397,-99,2.534,-99,-99,1.6022,-99,-99,-99,1.0597,1.4854,1.9616,2.0755,25.883,1.6376,-99,-99,-99,-99,-99,-99,-99,-99,-99,-99,-99,-99,-99,-99,-99,-99,0.95646,0.76213,-99,0.75535,0.4636,-99,0.89363,-99,-99,-99,-99,1.3731,2.2158,-99,2.5981,1.6494,-99,1.6649,1.7353,1.7783,-99,-99,-99,-99,-99,-99,-99,-99,-99,-99,-99,-99,-99,-99,-99,1.0534,-99,-99,-99,-99,1.1973,1.1788,23.085,5.5411,3.1328,2.0076,1.209,-99,2.1577,4.9732,-99,-99,1.533,2.0679,2.5699,-99,2.8288,2.7698,-99,3.1308,-99,1.1656,-99,-99,-99,-99,-99,-99,-99,-99,-129.16,51.542
229.18,52.625,-99,1.5174,2.7009,1.255,2.3088,0.86585,-99,-99,-99,-99,-99,-99,-99,-99,-99,-99,-99,-99,-99,-99,0.35468,-99,0.42894,0.60177,0.85734,-99,0.87672,2.2279,1.9481,-99,-99,1.4908,1.2999,1.4274,1.0723,2.1802,1.1503,1.1507,0.72385,-99,1.1918,1.4988,1.3611,-99,1.6045,1.7076,-99,1.9047,1.4604,2.4321,2.4404,-99,1.372,-99,-99,-99,-99,-99,-99,-99,-99,-99,-99,-99,-99,-99,0.59507,-99,-99,-99,0.48265,0.61638,-99,0.78569,0.65544,0.75758,0.74031,0.96071,-99,1.8402,4.3091,3.2249,-99,0.97172,1.2187,1.0006,1.3973,1.5541,1.6367,-99,1.1535,1.4259,1.4605,2.7698,1.642,1.7512,1.6648,0.94469,1.3041,0.98242,0.65292,0.89219,-99,-99,-99,-99,-99,-99,-99,-99,-99,-99,-99,0.63674,-99,0.47675,0.60571,0.41273,0.49852,-99,1.9449,1.6767,1.5276,0.95744,1.6387,-99,2.0766,2.0342,0.8731,1.564,0.91318,0.81952,1.0536,-99,1.3686,1.7236,1.4096,-99,1.8252,2.0806,-99,2.3902,1.9837,2.4266,1.1349,-99,-99,-99,-99,-99,-99,-99,-99,-99,-99,-99,-99,-99,-99,0.55203,0.56371,-99,-99,0.47805,-99,0.68939,0.69699,1.9066,1.288,1.0699,0.94925,1.5503,1.5089,-99,2.6981,-99,1.927,1.9938,1.2954,-99,1.2809,2.5189,-99,-99,1.1311,2.2351,-99,-99,3.4799,1.1502,-99,1.0875,-99,-99,-99,-99,-99,-99,-99,-99,-99,-99,-99,-99,-99,-99,0.44029,0.58457,0.71368,0.515,-99,-99,-99,1.2316,2.1013,1.7409,10.219,1.8271,-99,1.8023,3.0649,1.3606,-99,1.661,1.1834,1.3183,0.98855,1.3288,1.7889,-99,1.5922,-99,2.5078,-99,-99,1.0662,0.99151,0.68636,-99,-99,-99,-99,-99,-99,-99,-99,-99,-99,-99,-99,0.54372,-99,0.39846,-99,0.61649,0.39525,0.3966,0.84466,1.0407,1.9001,1.1169,6.3204,3.6925,1.4246,-99,1.6207,-99,1.4495,-99,1.2206,0.98693,1.089,1.4971,1.2532,3.1433,1.334,0.7463,-99,1.497,1.366,-99,1.0166,0.92024,0.63532,-99,-99,-99,-99,-99,-99,-99,-99,-99,-99,-99,-99,-99,-99,-99,0.88493,0.46049,-99,-99,-99,-99,4.3069,2.2958,1.6773,1.6285,1.7671,0.86375,1.5042,1.4813,1.0874,-99,0.37109,-99,0.7927,0.89129,1.86,1.3542,-99,-99,-99,4.1044,1.2558,1.0932,1.4476,0.89942,0.94453,0.78627,-99,-99,-99,-99,-99,-99,-99,-99,-99,-99,-99,0.28847,-99,0.54318,-99,0.71468,0.84982,1.227,-99,0.50185,1.1434,1.2683,2.7945,-99,3.074,1.6756,1.7605,0.97485,-99,0.91722,1.1898,0.97574,1.1616,1.1317,0.82057,1.7233,1.1165,1.164,1.5809,1.5252,1.6588,-99,-99,2.4509,-99,-99,-99,-99,-99,-99,-99,-99,-99,-99,-99,-99,-99,-99,0.57149,-99,0.5607,0.42852,-99,0.72571,0.9702,0.87735,0.95965,0.8975,0.69482,1.0502,-99,2.4608,2.05,1.8004,1.4635,1.5147,1.3912,1.9003,1.4051,-99,1.2811,2.685,4.016,2.2549,1.4429,1.575,1.9191,2.6179,-99,1.3137,1.5176,-99,-99,-99,-99,-99,-99,-99,-99,-99,-99,-99,-99,-99,-99,-99,-99,-99,0.61522,-99,0.5056,0.61537,0.43523,-99,0.95916,2.4337,4.531,2.2007,4.6186,3.1696,2.7531,2.2498,1.8531,0.89056,1.5406,1.3196,1.7678,1.9276,1.6572,-99,2.5226,17.046,-99,10.644,-99,2.218,1.1866,-99,-99,-99,-99,-99,-99,-99,-99,-99,-99,2.034,0.83665,-99,1.0332,-99,1.2397,1.6389,-99,2.2448,-99,-99,-99,-99,1.5501,1.9006,2.195,3.4812,1.5299,1.9071,-99,-99,-99,-99,-99,-99,-99,-99,-99,-99,-99,-99,-99,-99,-99,-99,0.52752,-99,0.60641,0.42012,0.62423,-99,0.76519,0.73474,-99,-99,1.2883,2.1917,-99,2.6102,1.7378,1.763,1.69,-99,-99,-99,-99,-99,-99,-99,-99,-99,-99,-99,-99,-99,-99,-99,-99,-99,0.54087,-99,-99,-99,-99,-99,0.57238,1.0366,0.65519,1.3729,1.5479,-99,-99,1.8801,2.0123,1.7339,-99,1.4817,1.5434,1.4524,2.0236,1.6935,1.8118,0.92973,2.242,-99,1.5717,-99,-99,-99,-99,-99,-99,-99,-99,-130.82,52.625
230.09,52.708,-99,1.9518,2.7803,2.2708,-99,-99,-99,-99,-99,-99,-99,-99,-99,-99,-99,-99,-99,-99,-99,-99,0.92616,-99,-99,0.811,0.87702,-99,-99,4.9464,2.19,-99,0.53398,1.6296,2.8523,3.7883,1.3797,8.1813,6.8987,3.681,2.3036,2.057,-99,1.5811,3.4943,-99,-99,1.8864,-99,-99,1.8099,2.8159,1.2949,-99,1.0266,-99,0.74442,-99,-99,-99,-99,-99,-99,-99,-99,-99,-99,-99,-99,-99,-99,-99,-99,-99,-99,1.3159,0.63403,0.76115,0.63438,-99,0.98834,2.0429,8.9285,-99,1.1961,-99,-99,0.97804,2.6827,-99,2.5011,1.1565,-99,-99,1.6312,1.949,2.4307,1.219,1.4404,1.6177,0.90158,-99,-99,-99,-99,-99,-99,-99,-99,-99,-99,-99,-99,-99,0.82086,0.72231,-99,-99,0.52386,-99,-99,-99,0.62637,0.77389,-99,0.79281,2.071,-99,2.0712,4.2839,1.4063,4.8032,2.9419,1.9785,1.7616,-99,1.3331,2.1357,2.9597,1.8887,3.375,2.9066,1.4479,2.003,1.4216,2.0261,1.1852,0.92547,-99,-99,-99,-99,-99,-99,-99,-99,-99,-99,-99,-99,0.58402,0.96485,0.71708,0.49336,0.57536,-99,-99,0.75151,0.82815,3.0388,-99,1.4656,0.8263,1.3569,2.7818,-99,2.0398,-99,8.5982,4.4232,-99,5.9984,10.33,2.0104,-99,-99,-99,1.4965,-99,-99,1.4534,-99,-99,-99,-99,-99,-99,-99,-99,-99,-99,-99,-99,-99,-99,-99,-99,-99,0.6899,0.71408,0.826,0.65027,-99,-99,-99,1.302,5.8931,16.274,-99,4.2404,1.3065,1.6667,2.1964,5.5088,-99,1.5902,2.4677,6.0389,2.2699,1.3424,1.2586,-99,1.7038,1.5574,1.5398,2.6723,-99,-99,-99,0.88265,1.6088,-99,-99,-99,-99,-99,-99,-99,-99,-99,-99,-99,-99,-99,-99,0.67445,0.59422,0.5661,-99,0.63142,-99,1.0413,1.2986,8.5064,-99,1.517,1.7095,1.9251,2.8608,8.2075,-99,-99,0.94635,0.85929,1.7584,2.047,3.3626,-99,-99,1.3982,1.3281,2.0241,-99,1.3799,0.87936,0.6771,-99,-99,-99,-99,-99,-99,-99,-99,-99,-99,-99,-99,-99,0.47848,0.63158,0.57735,0.60256,-99,0.73252,0.4049,-99,13.866,1.2057,1.7557,3.491,5.1915,1.828,1.5953,2.0812,5.4492,-99,1.0442,-99,4.6223,12.683,2.0153,-99,-99,1.348,1.7747,1.2737,1.1965,1.3655,1.2512,-99,1.3504,-99,-99,-99,-99,-99,-99,-99,-99,-99,-99,-99,-99,-99,-99,1.1681,-99,0.68636,0.80827,9.4199,-99,0.37342,1.9125,1.1916,3.4582,-99,1.1521,2.355,-99,1.0009,2.2941,4.2101,1.2906,2.1094,3.207,1.811,2.3227,2.7572,1.9668,1.5239,1.6426,3.347,1.961,-99,-99,-99,-99,-99,-99,-99,-99,-99,-99,-99,-99,-99,-99,-99,-99,-99,0.88594,1.3163,-99,0.75366,-99,-99,0.79408,-99,1.4023,0.73373,0.67222,1.4993,-99,5.1027,3.0417,1.5866,1.5324,5.0478,1.1319,2.6645,1.7084,-99,1.7013,3.1512,3.9355,2.6684,1.4639,1.6497,-99,4.3474,-99,1.4416,-99,-99,-99,-99,-99,-99,-99,-99,-99,-99,-99,-99,-99,-99,-99,-99,-99,-99,0.57951,-99,0.88965,-99,0.50274,-99,1.1975,3.9222,2.8528,2.4989,-99,2.1165,2.0159,-99,2.0864,-99,-99,2.0577,3.5264,2.8712,1.5407,-99,2.294,7.5825,-99,-99,-99,0.93391,-99,-99,-99,-99,-99,-99,-99,-99,-99,-99,2.0062,-99,0.65014,0.88455,-99,-99,1.0382,1.8966,0.95253,1.9099,-99,-99,-99,-99,1.8653,3.0786,3.8769,6.0165,1.8479,1.7823,-99,-99,-99,-99,-99,-99,-99,-99,-99,-99,-99,-99,-99,-99,-99,1.1493,-99,-99,0.59418,-99,-99,0.48538,0.56568,0.50027,-99,-99,-99,2.1582,-99,2.6066,4.5808,-99,3.0157,0.87374,-99,-99,-99,-99,-99,-99,-99,-99,-99,-99,-99,-99,-99,-99,-99,-99,-99,0.52604,0.41427,-99,-99,-99,0.80793,5.2643,2.6311,5.585,4.586,-99,1.286,1.797,1.3052,-99,-99,3.8067,4.8515,9.1954,-99,2.4269,1.71,-99,2.0682,-99,-99,-99,-99,-99,-99,-99,-99,-99,-99,-129.91,52.708
229.34,53.125,-99,1.9817,1.4486,1.3115,-99,0.74497,-99,-99,-99,-99,-99,-99,-99,-99,-99,-99,-99,-99,-99,-99,-99,-99,-99,0.92589,0.73837,-99,-99,1.1288,1.183,-99,0.57358,2.5866,1.4912,-99,1.9526,1.7802,2.8496,1.0599,1.2727,2.7988,-99,1.6971,3.0096,-99,1.9603,2.9017,2.2897,-99,2.3924,7.0061,0.90697,1.3018,-99,-99,0.71208,-99,-99,-99,-99,-99,-99,-99,-99,-99,-99,-99,-99,-99,-99,-99,-99,-99,0.60118,0.90547,0.54211,0.7966,0.77358,-99,1.055,-99,2.9208,1.7022,0.89979,-99,-99,1.6615,3.8223,5.758,0.91713,1.207,-99,1.3977,1.9613,3.8783,3.6246,1.3599,1.5507,-99,1.5829,-99,0.70456,-99,-99,-99,-99,-99,-99,-99,-99,-99,-99,-99,-99,0.75899,-99,0.48957,0.53801,0.4324,-99,-99,0.6563,1.4352,-99,0.75655,1.6166,-99,2.2208,3.9053,-99,1.502,1.6644,1.3449,1.2589,-99,1.6394,2.8251,2.3635,-99,2.537,4.4458,-99,3.5984,-99,4.5771,1.0398,1.1115,-99,-99,-99,-99,-99,-99,-99,-99,-99,-99,-99,-99,-99,1.1377,0.91964,0.59579,-99,0.54206,0.76257,0.95514,0.92723,1.6446,-99,1.8483,0.83351,1.5661,1.4866,7.0169,4.3766,0.93883,2.1131,1.7186,1.7687,1.0072,1.3967,1.4732,-99,-99,-99,3.643,-99,-99,1.9267,-99,-99,0.94874,-99,-99,-99,-99,-99,-99,-99,-99,-99,-99,-99,-99,-99,-99,0.53437,0.66748,0.64123,0.55976,-99,0.64941,-99,1.3076,4.1171,6.2609,-99,2.1113,-99,0.74424,1.1386,6.5956,-99,1.7217,2.4897,1.7844,1.3226,1.8538,2.2624,-99,1.5283,1.5665,2.5691,1.3986,-99,-99,1.7484,-99,0.64777,-99,-99,-99,-99,-99,-99,-99,-99,-99,-99,-99,0.63274,0.26439,-99,-99,0.40611,-99,0.54132,0.50275,1.4705,1.0377,4.7921,19.888,4.6489,2.3409,1.9017,1.7872,2.014,1.9706,-99,2.0988,1.5049,1.0292,1.7566,4.6881,2.8138,1.7294,-99,-99,1.4886,1.5815,1.1772,1.8073,0.936,-99,-99,-99,-99,-99,-99,-99,-99,-99,-99,-99,-99,-99,-99,-99,1.1077,0.48637,0.63637,-99,-99,0.42494,0.97831,11.913,2.3376,1.3295,3.0355,5.6055,2.0143,1.8294,1.0956,1.881,-99,0.99505,-99,2.673,3.8415,2.0634,-99,1.2755,1.3431,-99,1.5212,1.4217,1.3943,-99,1.4442,1.5098,-99,-99,-99,-99,-99,-99,-99,-99,-99,-99,-99,-99,-99,-99,1.3588,-99,0.88453,1.0781,0.90182,-99,0.50031,1.2039,2.0881,5.2679,4.5611,-99,5.0348,9.0008,1.5858,0.97811,3.9272,1.4907,1.2508,0.98221,1.0835,1.2425,-99,2.1528,2.1034,1.7459,2.66,1.6142,0.86903,-99,-99,-99,-99,-99,-99,-99,-99,-99,-99,-99,-99,-99,-99,-99,-99,0.71878,-99,0.46785,0.41447,-99,0.81048,0.74265,0.65309,-99,0.77821,0.68386,1.5154,3.6026,-99,3.0959,-99,1.3746,3.7307,2.525,-99,2.7143,2.8641,1.3112,2.709,4.3456,4.5371,2.5451,2.0763,0.79649,2.6914,2.2168,1.5026,0.93068,-99,-99,-99,-99,-99,-99,-99,-99,-99,-99,-99,-99,-99,-99,0.45373,-99,-99,-99,-99,0.87011,-99,0.64298,-99,0.76374,3.1885,3.3104,2.529,7.9868,2.4093,2.7019,-99,4.4738,1.8637,1.0626,1.6562,2.9123,1.5133,1.7098,-99,1.9781,2.8038,16.48,-99,-99,0.76793,-99,-99,-99,-99,-99,-99,-99,-99,-99,-99,1.1259,-99,0.65303,-99,3.2187,-99,1.3814,3.2698,-99,7.2653,-99,-99,-99,-99,1.7768,3.5558,2.0027,8.8922,1.7291,1.7014,-99,-99,-99,-99,-99,-99,-99,-99,-99,-99,-99,-99,-99,-99,-99,-99,1.0796,-99,-99,0.5365,0.59438,-99,0.51531,0.84763,-99,-99,1.5666,2.4722,-99,2.0845,3.0264,5.3603,3.3358,-99,-99,-99,-99,-99,-99,-99,-99,-99,-99,-99,-99,-99,-99,-99,-99,-99,-99,-99,-99,-99,-99,0.51006,0.5664,2.8466,0.72665,18.262,4.4598,-99,-99,5.8016,1.5779,2.6285,-99,2.1943,2.9704,8.9139,-99,2.412,2.2718,-99,1.6924,-99,1.9361,-99,-99,-99,-99,-99,-99,-99,-99,-130.66,53.125
227.26,54.375,-99,-99,2.1587,-99,1.8315,1.1447,-99,-99,-99,-99,-99,-99,-99,-99,-99,-99,-99,-99,-99,-99,-99,1.2252,1.4492,1.0273,-99,-99,-99,3.2395,3.2757,-99,0.83568,2.3994,3.6391,1.5754,1.435,2.2701,3.3967,1.3775,1.737,-99,-99,1.9009,2.1563,-99,2.4289,-99,-99,1.8376,2.1463,-99,5.1869,-99,-99,0.60835,-99,-99,-99,-99,-99,-99,-99,-99,-99,-99,-99,-99,-99,0.66282,0.84894,-99,-99,-99,0.61088,0.68806,-99,0.99912,0.90814,-99,1.0796,-99,1.0513,-99,1.9006,-99,-99,1.7825,1.1838,-99,1.9562,2.1537,-99,-99,-99,2.158,-99,1.3424,-99,-99,-99,1.2947,-99,-99,-99,-99,-99,-99,-99,-99,-99,-99,-99,-99,-99,1.0112,-99,-99,0.72058,-99,-99,-99,1.1488,1.1002,-99,2.5636,2.3385,-99,2.9473,2.9188,2.2466,1.1474,2.239,1.5785,1.1371,-99,1.7762,-99,1.7332,1.3118,2.0046,-99,2.1078,-99,-99,-99,-99,1.1304,-99,-99,-99,-99,-99,-99,-99,-99,-99,-99,-99,-99,-99,1.9597,1.6644,1.411,0.90245,-99,-99,1.4991,3.8492,18.631,-99,-99,-99,0.96673,3.3995,-99,-99,3.6429,2.904,-99,0.87272,-99,-99,2.803,1.9228,1.9347,1.0213,2.0108,-99,1.3945,2.3079,-99,-99,-99,-99,-99,-99,-99,-99,-99,-99,-99,-99,-99,-99,-99,-99,-99,0.94067,-99,0.88636,0.94955,0.98286,-99,0.98326,15.368,7.874,15.884,-99,2.1681,-99,3.3354,5.3994,2.0494,-99,3.2465,3.2386,-99,2.3972,1.6475,1.839,-99,2.3218,-99,1.2731,1.4581,-99,-99,-99,-99,-99,-99,-99,-99,-99,-99,-99,-99,-99,-99,-99,-99,-99,-99,1.1163,1.0764,1.1478,1.026,0.73081,0.85105,1.0564,-99,1.3934,8.316,3.6745,2.8735,3.0983,2.8593,-99,-99,1.8313,-99,2.3912,1.4679,2.442,2.0075,1.3583,2.224,1.3093,-99,2.5832,1.5198,-99,1.0892,1.2908,1.9579,-99,-99,-99,-99,-99,-99,-99,-99,-99,-99,-99,-99,-99,-99,-99,0.88538,1.4066,-99,0.93023,1.1592,1.3333,19.743,13.035,3.1506,2.4648,3.4171,2.0986,-99,-99,2.6263,-99,1.3706,1.9446,1.8819,2.0181,6.3913,1.9391,1.9167,1.8735,2.5709,1.8211,1.7966,1.7473,-99,1.2376,-99,-99,-99,-99,-99,-99,-99,-99,-99,-99,-99,-99,-99,-99,0.78686,2.2506,0.57114,0.54068,1.3641,1.6326,1.2011,1.0526,1.9795,1.1658,3.5865,7.6943,2.9999,3.0002,2.5146,1.8169,0.66129,-99,-99,1.8867,2.0517,2.4578,1.782,1.3446,1.5969,1.5694,1.8767,1.9518,1.9309,3.1612,1.021,1.7594,-99,-99,-99,-99,-99,-99,-99,-99,-99,-99,-99,-99,-99,-99,1.3757,-99,-99,0.80541,-99,1.5792,1.9962,3.3666,1.4669,-99,-99,1.0925,-99,-99,2.4815,2.116,-99,1.9908,3.1533,3.3619,-99,-99,3.2975,3.8375,2.1228,21.58,1.7853,3.1574,-99,8.1673,2.2863,-99,1.4478,-99,-99,-99,-99,-99,-99,-99,-99,-99,-99,-99,-99,-99,-99,-99,-99,-99,-99,-99,1.2763,-99,1.1321,-99,0.92836,-99,4.8106,1.7727,-99,2.7224,2.3574,1.2207,-99,2.2971,-99,1.8611,4.0605,2.6129,-99,4.0372,3.459,5.8105,-99,-99,-99,-99,-99,-99,-99,-99,-99,-99,-99,-99,-99,-99,-99,-99,1.7002,1.3504,-99,-99,3.7054,3.4821,-99,2.4315,1.5491,5.3005,-99,-99,2.0309,2.8693,3.2279,5.7487,2.3057,2.1643,-99,-99,-99,-99,-99,-99,-99,-99,-99,-99,-99,-99,-99,-99,-99,-99,1.9366,-99,1.1412,-99,-99,-99,1.0176,-99,-99,-99,2.9828,-99,2.5482,2.2466,3.7471,1.8859,4.3998,-99,-99,-99,-99,-99,-99,-99,-99,-99,-99,-99,-99,-99,-99,-99,-99,-99,-99,-99,-99,-99,-99,-99,0.99964,1.1684,2.563,4.4466,-99,1.2161,3.0231,8.6844,1.2344,-99,-99,1.6058,1.6422,1.3142,-99,1.7881,1.814,-99,2.8594,-99,-99,-99,-99,-99,-99,-99,-99,-99,-99,-132.74,54.375
229.34,51.792,-99,1.8878,1.6195,1.6964,-99,-99,-99,-99,0.67887,-99,-99,-99,-99,-99,-99,-99,-99,-99,-99,-99,-99,-99,0.38094,0.5036,-99,-99,0.67191,-99,5.3129,-99,-99,1.0467,-99,-99,1.1891,1.0481,0.90045,0.8586,0.51,-99,0.87771,1.3427,1.7528,1.1617,1.3366,1.3827,-99,1.3967,1.6146,1.7775,-99,-99,1.5677,-99,0.33223,-99,-99,-99,-99,-99,-99,-99,-99,-99,-99,-99,-99,-99,-99,-99,0.6561,0.78674,-99,0.47556,0.74512,0.83479,0.63025,-99,2.2606,-99,1.7411,-99,-99,-99,-99,0.85837,0.80146,-99,0.7076,0.90697,-99,-99,1.1998,1.5324,1.9979,-99,0.74535,1.9019,1.5782,0.64588,0.56508,-99,-99,-99,-99,-99,-99,-99,-99,-99,-99,-99,-99,0.58099,-99,-99,-99,0.3969,-99,-99,1.9511,1.1093,-99,0.95901,1.1763,-99,1.3829,1.5073,0.89619,0.88999,0.73813,-99,0.77495,-99,1.1272,1.3623,1.7254,1.7906,1.5414,2.4112,2.7972,1.5265,-99,1.3208,-99,-99,1.0314,0.74161,-99,-99,-99,-99,-99,-99,-99,-99,-99,-99,-99,0.49577,0.5612,-99,0.52911,-99,0.47984,0.51662,1.0641,1.4466,1.0518,0.81689,0.37112,1.0392,-99,-99,0.83177,-99,1.9927,1.9521,1.5722,-99,-99,2.2716,-99,1.2056,-99,1.9181,-99,-99,2.0349,-99,-99,-99,-99,-99,-99,-99,-99,-99,-99,-99,-99,-99,-99,-99,-99,-99,0.49611,0.66237,0.76692,0.60704,0.6306,-99,-99,0.87875,2.5569,3.7151,-99,5.4325,-99,5.0251,1.7098,-99,-99,1.1209,1.2885,2.0055,1.1459,0.85074,1.5418,-99,1.6462,1.4815,1.6272,1.9195,-99,1.02,0.73085,0.81166,0.86657,-99,-99,-99,-99,-99,-99,-99,-99,-99,-99,-99,-99,-99,-99,0.43644,-99,0.45437,-99,-99,-99,0.78093,0.87488,3.4123,2.1722,-99,-99,1.3192,-99,1.148,-99,-99,0.70619,0.91005,0.89085,0.76591,1.3103,1.19,-99,1.3536,-99,1.4625,0.96355,0.55497,-99,0.80567,-99,-99,-99,-99,-99,-99,-99,-99,-99,-99,-99,-99,-99,-99,-99,0.6745,0.57804,-99,-99,0.62097,-99,7.4679,2.7802,1.2154,1.4834,1.3883,1.0339,1.1868,1.6376,0.99768,0.77232,0.74102,-99,0.79686,0.77436,1.4067,0.57403,-99,1.2699,-99,0.94972,1.2011,1.141,0.96684,0.97757,0.78966,0.73745,-99,-99,-99,-99,-99,-99,-99,-99,-99,-99,-99,-99,-99,0.51386,-99,0.67208,0.66927,0.64412,-99,-99,0.92641,1.0289,2.5086,-99,-99,1.396,1.107,1.2078,0.59044,0.78354,-99,1.1831,1.258,1.1132,0.90756,-99,1.2662,1.2415,1.1419,1.767,1.5168,1.2876,1.2309,0.81449,-99,0.32252,-99,-99,-99,-99,-99,-99,-99,-99,-99,-99,-99,0.72755,0.71033,1.5043,-99,0.44074,-99,0.62781,0.8386,-99,0.89356,-99,1.6536,0.73888,-99,2.117,1.8914,1.6929,1.0227,1.294,1.1403,1.251,-99,-99,0.84262,1.1694,1.0555,1.2431,1.3692,1.2322,1.1863,2.0728,-99,1.7582,1.2245,-99,-99,-99,-99,-99,-99,-99,-99,-99,-99,-99,-99,-99,-99,-99,0.30374,0.32308,0.58065,-99,-99,-99,0.74955,1.0633,1.0873,1.6793,3.5592,-99,2.2805,-99,-99,-99,1.567,-99,1.3063,-99,1.1178,1.4891,-99,2.2024,2.1536,1.5591,-99,-99,-99,14.035,0.86635,-99,-99,-99,-99,-99,-99,-99,-99,-99,-99,-99,0.99054,1.0037,1.5717,-99,1.1346,1.4431,-99,-99,-99,-99,-99,1.4737,1.3349,1.3677,2.1249,2.306,0.89929,1.2441,-99,-99,-99,-99,-99,-99,-99,-99,-99,-99,-99,-99,-99,-99,-99,-99,0.61596,-99,0.39131,-99,-99,-99,0.9247,-99,-99,-99,1.4079,3.4153,-99,1.1607,1.6313,-99,1.592,-99,-99,-99,-99,-99,-99,-99,-99,-99,-99,-99,-99,-99,-99,-99,-99,-99,0.61463,0.67021,-99,-99,-99,-99,0.72243,1.2378,0.8915,3.6346,2.5971,2.8466,-99,1.3039,1.3272,1.3085,-99,0.9405,1.7407,1.069,2.2543,1.7094,1.5977,-99,1.9087,-99,1.9305,-99,-99,-99,-99,-99,-99,-99,-99,-130.66,51.792
230.59,50.542,-99,-99,6.3998,1.0843,-99,-99,-99,-99,0.60122,1.0858,-99,-99,-99,-99,-99,-99,-99,-99,-99,-99,-99,-99,-99,0.31755,0.36607,-99,-99,-99,0.78029,0.59223,-99,-99,-99,-99,0.66487,0.65148,0.82207,-99,-99,1.3908,1.5162,1.4459,2.0867,-99,1.2434,1.0889,0.89909,-99,-99,1.2061,-99,0.43705,1.5435,-99,-99,0.4686,-99,-99,-99,-99,-99,-99,-99,-99,-99,-99,-99,-99,-99,-99,-99,-99,-99,-99,2.6024,-99,3.783,-99,2.6889,2.1014,4.818,-99,-99,-99,-99,-99,1.8215,-99,1.1955,-99,-99,-99,1.0858,0.83333,3.975,-99,0.67418,1.2999,-99,0.67927,-99,1.196,-99,-99,-99,-99,-99,-99,-99,-99,-99,-99,0.91923,0.58779,-99,0.37669,0.48138,-99,-99,-99,1.641,-99,-99,1.4793,3.3708,0.53613,0.8246,0.94088,0.93958,1.4159,-99,0.8023,1.8414,-99,0.73754,1.0678,-99,2.2236,-99,3.2879,1.6202,1.4231,1.3283,0.91985,1.5078,-99,1.0882,0.98504,-99,-99,-99,-99,-99,-99,-99,-99,-99,0.29593,-99,0.7431,0.56359,0.35745,-99,-99,-99,0.62566,0.6365,-99,-99,-99,-99,-99,-99,0.91458,0.9155,-99,1.2677,1.571,-99,-99,1.0983,1.8657,-99,1.5155,-99,1.3283,-99,0.86843,1.1371,-99,-99,-99,-99,-99,-99,-99,-99,-99,-99,-99,-99,-99,-99,-99,-99,1.2644,0.76124,0.84697,-99,0.80036,-99,-99,-99,1.387,5.1617,5.0326,-99,2.3152,-99,0.96468,2.7389,1.7911,-99,2.1772,1.1402,1.1107,0.94075,1.0615,1.292,-99,1.2401,1.1818,0.96482,0.98804,1.4307,1.4396,-99,0.81457,0.84682,-99,-99,-99,-99,-99,-99,-99,-99,-99,-99,-99,0.74514,-99,-99,-99,0.80277,0.60877,0.56558,-99,0.97656,-99,2.394,4.7984,3.0607,7.9495,-99,1.8228,-99,0.57647,0.40014,2.2598,0.31999,0.28303,1.0704,1.2962,0.31124,-99,-99,0.27369,1.1124,1.608,-99,0.38128,0.54468,0.85209,0.93682,-99,-99,-99,-99,-99,-99,-99,-99,-99,-99,-99,-99,-99,-99,1.8701,3.6823,0.64771,-99,1.665,-99,0.55635,1.1356,0.78808,2.3631,2.7947,-99,0.942,7.3698,2.6722,1.1447,-99,-99,0.52477,0.62661,2.2024,1.6765,-99,3.1407,-99,0.32706,-99,1.4492,0.85336,0.93164,1.0882,-99,-99,-99,-99,-99,-99,-99,-99,-99,-99,-99,-99,0.59425,-99,1.0398,-99,1.0313,0.78134,0.93681,-99,0.40143,0.71704,1.354,0.97904,1.4898,0.41504,0.56848,1.1926,-99,-99,-99,1.5814,1.4277,7.8358,0.67226,-99,2.7788,2.4606,1.9559,1.3096,0.28122,2.1607,1.4926,0.62866,-99,-99,-99,-99,-99,-99,-99,-99,-99,-99,-99,-99,-99,-99,1.1629,1.4256,1.4301,-99,0.49204,1.3931,0.58049,-99,0.49448,1.5057,-99,1.4844,1.909,-99,3.0945,1.9262,-99,0.86428,2.4375,-99,0.56384,0.35416,-99,-99,3.9684,2.7527,2.1341,-99,1.4849,-99,-99,-99,0.89346,0.89714,-99,-99,-99,-99,-99,-99,-99,-99,-99,-99,-99,-99,-99,-99,-99,-99,-99,0.76095,-99,0.83124,-99,0.93257,-99,-99,3.2493,1.912,-99,-99,-99,1.4746,-99,1.2593,-99,1.4316,1.3306,4.2474,1.3275,0.94952,0.70764,2.1378,1.4086,1.7628,1.1107,1.3157,-99,-99,-99,-99,-99,-99,-99,-99,-99,-99,-99,-99,-99,1.1705,-99,-99,0.84298,0.70576,0.56537,-99,-99,-99,-99,-99,-99,1.1493,1.832,2.4033,1.792,1.0442,-99,-99,-99,-99,-99,-99,-99,-99,-99,-99,-99,-99,-99,-99,-99,-99,1.0544,0.80794,0.69454,1.0233,-99,-99,-99,-99,-99,-99,-99,0.60668,1.3977,-99,1.1648,1.667,-99,-99,1.6405,-99,-99,-99,-99,-99,-99,-99,-99,-99,-99,-99,-99,-99,-99,-99,-99,0.25956,-99,-99,-99,-99,1.2428,0.72213,-99,1.0972,0.96527,-99,-99,1.011,1.2387,-99,-99,-99,1.0443,1.6985,-99,1.6173,1.6962,1.4906,1.4818,1.83,1.5316,-99,-99,-99,-99,-99,-99,-99,-99,-99,-129.41,50.542
226.84,53.708,-99,-99,-99,-99,-99,-99,-99,-99,-99,-99,-99,-99,-99,-99,-99,-99,-99,-99,-99,-99,-99,-99,-99,-99,-99,-99,-99,-99,-99,-99,-99,-99,-99,-99,-99,-99,-99,-99,-99,-99,-99,-99,-99,-99,-99,-99,-99,-99,-99,-99,-99,-99,-99,-99,-99,-99,-99,-99,-99,-99,-99,-99,-99,-99,-99,-99,-99,-99,-99,-99,-99,-99,-99,-99,-99,-99,-99,-99,-99,-99,-99,-99,-99,-99,-99,-99,-99,-99,-99,-99,-99,-99,-99,-99,-99,-99,-99,-99,-99,-99,-99,-99,-99,-99,-99,-99,-99,-99,-99,-99,-99,-99,-99,-99,-99,-99,-99,-99,-99,-99,-99,-99,-99,-99,-99,-99,-99,-99,-99,-99,-99,-99,-99,-99,-99,-99,-99,-99,-99,-99,-99,-99,-99,-99,-99,-99,-99,-99,-99,-99,-99,-99,-99,-99,-99,-99,-99,-99,-99,-99,-99,-99,-99,-99,-99,-99,-99,-99,-99,-99,-99,-99,-99,-99,-99,-99,-99,-99,-99,-99,-99,-99,-99,-99,-99,-99,-99,-99,-99,-99,-99,-99,-99,-99,-99,-99,-99,-99,-99,-99,-99,-99,-99,-99,-99,-99,-99,-99,-99,-99,-99,-99,-99,-99,-99,-99,-99,-99,-99,-99,-99,-99,-99,-99,-99,-99,-99,-99,-99,-99,-99,-99,-99,-99,-99,-99,-99,-99,-99,-99,-99,-99,-99,-99,-99,-99,-99,-99,-99,-99,-99,-99,-99,-99,-99,-99,-99,-99,-99,-99,-99,-99,-99,-99,-99,-99,-99,-99,-99,-99,-99,-99,-99,-99,-99,-99,-99,-99,-99,-99,-99,-99,-99,-99,-99,-99,-99,-99,-99,-99,-99,-99,-99,-99,-99,-99,-99,-99,-99,-99,-99,-99,-99,-99,-99,-99,-99,-99,-99,-99,-99,-99,-99,-99,-99,-99,-99,-99,-99,-99,-99,-99,-99,-99,-99,-99,-99,-99,-99,-99,-99,-99,-99,-99,-99,-99,-99,-99,-99,-99,-99,-99,-99,-99,-99,-99,-99,-99,-99,-99,-99,-99,-99,-99,-99,-99,-99,-99,-99,-99,-99,-99,-99,-99,-99,-99,-99,-99,-99,-99,-99,-99,-99,-99,-99,-99,-99,-99,-99,-99,-99,-99,-99,-99,-99,-99,-99,-99,-99,-99,-99,-99,-99,-99,-99,-99,-99,-99,-99,-99,-99,-99,-99,-99,-99,-99,-99,-99,-99,-99,-99,-99,-99,-99,-99,-99,-99,-99,-99,-99,-99,-99,-99,-99,-99,-99,-99,-99,-99,-99,-99,-99,-99,-99,-99,-99,-99,-99,-99,-99,-99,-99,-99,-99,-99,-99,-99,-99,-99,-99,-99,-99,-99,-99,-99,-99,-99,-99,-99,-99,-99,-99,-99,-99,-99,-99,-99,-99,-99,-99,-99,-99,-99,-99,-99,-99,-99,-99,-99,-99,-99,-99,-99,-99,-99,-99,-99,-99,-99,-99,-99,-99,-99,-99,-99,-99,-99,-99,-99,-99,-99,-99,-99,-99,-99,-99,-99,-99,-99,-99,-99,-99,-99,-99,-99,-99,-99,-99,-99,-99,-99,-99,-99,-99,-99,-99,-99,-99,-99,-99,-99,-99,-99,-99,-99,-99,-99,-99,-99,-99,-99,-99,-99,-99,-99,-99,-99,-99,-99,-99,-99,-99,-99,-99,-99,-99,-99,-99,-99,-99,-99,-99,-99,-99,-99,-99,-99,-99,-99,-99,-99,-99,-99,-99,-99,-99,-99,-99,-99,-99,-99,-99,-133.16,53.708
226.84,54.958,-99,-99,-99,-99,-99,-99,-99,-99,-99,-99,-99,-99,-99,-99,-99,-99,-99,-99,-99,-99,-99,-99,-99,-99,-99,-99,-99,-99,-99,-99,-99,-99,-99,-99,-99,-99,-99,-99,-99,-99,-99,-99,-99,-99,-99,-99,-99,-99,-99,-99,-99,-99,-99,-99,-99,-99,-99,-99,-99,-99,-99,-99,-99,-99,-99,-99,-99,-99,-99,-99,-99,-99,-99,-99,-99,-99,-99,-99,-99,-99,-99,-99,-99,-99,-99,-99,-99,-99,-99,-99,-99,-99,-99,-99,-99,-99,-99,-99,-99,-99,-99,-99,-99,-99,-99,-99,-99,-99,-99,-99,-99,-99,-99,-99,-99,-99,-99,-99,-99,-99,-99,-99,-99,-99,-99,-99,-99,-99,-99,-99,-99,-99,-99,-99,-99,-99,-99,-99,-99,-99,-99,-99,-99,-99,-99,-99,-99,-99,-99,-99,-99,-99,-99,-99,-99,-99,-99,-99,-99,-99,-99,-99,-99,-99,-99,-99,-99,-99,-99,-99,-99,-99,-99,-99,-99,-99,-99,-99,-99,-99,-99,-99,-99,-99,-99,-99,-99,-99,-99,-99,-99,-99,-99,-99,-99,-99,-99,-99,-99,-99,-99,-99,-99,-99,-99,-99,-99,-99,-99,-99,-99,-99,-99,-99,-99,-99,-99,-99,-99,-99,-99,-99,-99,-99,-99,-99,-99,-99,-99,-99,-99,-99,-99,-99,-99,-99,-99,-99,-99,-99,-99,-99,-99,-99,-99,-99,-99,-99,-99,-99,-99,-99,-99,-99,-99,-99,-99,-99,-99,-99,-99,-99,-99,-99,-99,-99,-99,-99,-99,-99,-99,-99,-99,-99,-99,-99,-99,-99,-99,-99,-99,-99,-99,-99,-99,-99,-99,-99,-99,-99,-99,-99,-99,-99,-99,-99,-99,-99,-99,-99,-99,-99,-99,-99,-99,-99,-99,-99,-99,-99,-99,-99,-99,-99,-99,-99,-99,-99,-99,-99,-99,-99,-99,-99,-99,-99,-99,-99,-99,-99,-99,-99,-99,-99,-99,-99,-99,-99,-99,-99,-99,-99,-99,-99,-99,-99,-99,-99,-99,-99,-99,-99,-99,-99,-99,-99,-99,-99,-99,-99,-99,-99,-99,-99,-99,-99,-99,-99,-99,-99,-99,-99,-99,-99,-99,-99,-99,-99,-99,-99,-99,-99,-99,-99,-99,-99,-99,-99,-99,-99,-99,-99,-99,-99,-99,-99,-99,-99,-99,-99,-99,-99,-99,-99,-99,-99,-99,-99,-99,-99,-99,-99,-99,-99,-99,-99,-99,-99,-99,-99,-99,-99,-99,-99,-99,-99,-99,-99,-99,-99,-99,-99,-99,-99,-99,-99,-99,-99,-99,-99,-99,-99,-99,-99,-99,-99,-99,-99,-99,-99,-99,-99,-99,-99,-99,-99,-99,-99,-99,-99,-99,-99,-99,-99,-99,-99,-99,-99,-99,-99,-99,-99,-99,-99,-99,-99,-99,-99,-99,-99,-99,-99,-99,-99,-99,-99,-99,-99,-99,-99,-99,-99,-99,-99,-99,-99,-99,-99,-99,-99,-99,-99,-99,-99,-99,-99,-99,-99,-99,-99,-99,-99,-99,-99,-99,-99,-99,-99,-99,-99,-99,-99,-99,-99,-99,-99,-99,-99,-99,-99,-99,-99,-99,-99,-99,-99,-99,-99,-99,-99,-99,-99,-99,-99,-99,-99,-99,-99,-99,-99,-99,-99,-99,-99,-99,-99,-99,-99,-99,-99,-99,-99,-99,-99,-99,-99,-99,-99,-99,-99,-99,-99,-99,-99,-99,-99,-99,-99,-99,-99,-99,-99,-133.16,54.958
226.93,54.125,-99,-99,-99,-99,-99,-99,-99,-99,-99,-99,-99,-99,-99,-99,-99,-99,-99,-99,-99,-99,-99,-99,-99,-99,-99,-99,-99,-99,-99,-99,-99,-99,-99,-99,-99,-99,-99,-99,-99,-99,-99,-99,-99,-99,-99,-99,-99,-99,-99,-99,-99,-99,-99,-99,-99,-99,-99,-99,-99,-99,-99,-99,-99,-99,-99,-99,-99,-99,-99,-99,-99,-99,-99,-99,-99,-99,-99,-99,-99,-99,-99,-99,-99,-99,-99,-99,-99,-99,-99,-99,-99,-99,-99,-99,-99,-99,-99,-99,-99,-99,-99,-99,-99,-99,-99,-99,-99,-99,-99,-99,-99,-99,-99,-99,-99,-99,-99,-99,-99,-99,-99,-99,-99,-99,-99,-99,-99,-99,-99,-99,-99,-99,-99,-99,-99,-99,-99,-99,-99,-99,-99,-99,-99,-99,-99,-99,-99,-99,-99,-99,-99,-99,-99,-99,-99,-99,-99,-99,-99,-99,-99,-99,-99,-99,-99,-99,-99,-99,-99,-99,-99,-99,-99,-99,-99,-99,-99,-99,-99,-99,-99,-99,-99,-99,-99,-99,-99,-99,-99,-99,-99,-99,-99,-99,-99,-99,-99,-99,-99,-99,-99,-99,-99,-99,-99,-99,-99,-99,-99,-99,-99,-99,-99,-99,-99,-99,-99,-99,-99,-99,-99,-99,-99,-99,-99,-99,-99,-99,-99,-99,-99,-99,-99,-99,-99,-99,-99,-99,-99,-99,-99,-99,-99,-99,-99,-99,-99,-99,-99,-99,-99,-99,-99,-99,-99,-99,-99,-99,-99,-99,-99,-99,-99,-99,-99,-99,-99,-99,-99,-99,-99,-99,-99,-99,-99,-99,-99,-99,-99,-99,-99,-99,-99,-99,-99,-99,-99,-99,-99,-99,-99,-99,-99,-99,-99,-99,-99,-99,-99,-99,-99,-99,-99,-99,-99,-99,-99,-99,-99,-99,-99,-99,-99,-99,-99,-99,-99,-99,-99,-99,-99,-99,-99,-99,-99,-99,-99,-99,-99,-99,-99,-99,-99,-99,-99,-99,-99,-99,-99,-99,-99,-99,-99,-99,-99,-99,-99,-99,-99,-99,-99,-99,-99,-99,-99,-99,-99,-99,-99,-99,-99,-99,-99,-99,-99,-99,-99,-99,-99,-99,-99,-99,-99,-99,-99,-99,-99,-99,-99,-99,-99,-99,-99,-99,-99,-99,-99,-99,-99,-99,-99,-99,-99,-99,-99,-99,-99,-99,-99,-99,-99,-99,-99,-99,-99,-99,-99,-99,-99,-99,-99,-99,-99,-99,-99,-99,-99,-99,-99,-99,-99,-99,-99,-99,-99,-99,-99,-99,-99,-99,-99,-99,-99,-99,-99,-99,-99,-99,-99,-99,-99,-99,-99,-99,-99,-99,-99,-99,-99,-99,-99,-99,-99,-99,-99,-99,-99,-99,-99,-99,-99,-99,-99,-99,-99,-99,-99,-99,-99,-99,-99,-99,-99,-99,-99,-99,-99,-99,-99,-99,-99,-99,-99,-99,-99,-99,-99,-99,-99,-99,-99,-99,-99,-99,-99,-99,-99,-99,-99,-99,-99,-99,-99,-99,-99,-99,-99,-99,-99,-99,-99,-99,-99,-99,-99,-99,-99,-99,-99,-99,-99,-99,-99,-99,-99,-99,-99,-99,-99,-99,-99,-99,-99,-99,-99,-99,-99,-99,-99,-99,-99,-99,-99,-99,-99,-99,-99,-99,-99,-99,-99,-99,-99,-99,-99,-99,-99,-99,-99,-99,-99,-99,-99,-99,-99,-99,-99,-99,-99,-99,-99,-99,-99,-99,-99,-99,-99,-99,-99,-99,-99,-99,-133.07,54.125
